house_size_sqft,bedrooms,bathrooms,age_years,distance_to_city_km,parking_spaces,price
1460,3,2,25,16.6,1,6820945.0
1894,1,2,29,19.5,2,8247959.0
1730,1,3,11,10.0,2,8994733.0
1695,4,3,24,2.7,0,8793023.0
2238,3,2,16,2.9,0,11547279.0
2769,3,3,12,3.5,2,14825276.0
1066,5,1,19,21.2,1,5481433.0
1838,3,1,24,22.9,0,8152715.0
930,3,2,3,3.9,0,5690609.0
2082,3,2,9,6.7,2,11198640.0
2735,2,2,2,5.0,1,14746289.0
730,5,1,8,5.5,2,4711622.0
2285,1,3,12,21.1,1,11392395.0
1369,4,1,17,9.0,1,7084687.0
2991,1,3,14,8.5,1,14842287.0
2115,5,1,3,6.5,0,11587417.0
3453,4,3,14,15.6,2,17888948.0
3033,5,1,21,10.1,2,15605625.0
1815,3,2,1,18.9,1,9796425.0
1555,4,1,14,5.9,0,7991945.0
2924,3,3,7,19.9,0,14959347.0
1784,1,1,7,15.5,2,9156341.0
1059,1,1,16,3.7,0,5073131.0
621,4,1,11,10.9,0,3473449.0
2900,4,2,18,21.7,1,14464701.0
1347,5,1,9,23.2,0,7037005.0
1074,5,2,8,12.2,1,6456028.0
1682,3,2,4,12.5,2,9091581.0
3158,4,1,5,23.0,0,15991394.0
2647,1,1,19,15.1,2,12311712.0
3347,5,1,25,1.8,2,17220883.0
1575,5,3,1,22.9,0,9025079.0
2406,1,1,26,7.0,0,10877522.0
789,5,2,23,14.9,2,4494098.0
3334,3,1,26,5.0,0,15966135.0
1162,4,3,12,1.8,1,6626344.0
2499,1,1,5,8.5,1,12603668.0
1867,4,3,4,19.7,0,10241065.0
3479,5,3,24,7.7,2,18306589.0
2128,5,1,0,6.3,0,11812167.0
1246,1,2,20,6.1,0,5818802.0
2668,3,3,21,13.4,2,13472224.0
3488,2,1,20,24.4,2,16662106.0
2814,1,1,5,12.0,1,14172549.0
1897,2,2,5,14.4,2,10060848.0
3035,2,3,22,21.7,1,14377541.0
1200,3,3,15,13.8,2,6647481.0
2963,2,1,3,5.4,0,15390014.0
2661,2,1,29,8.2,1,12345166.0
841,3,2,10,8.4,1,4772371.0
2641,2,2,29,10.5,1,12524105.0
3424,2,3,29,11.2,0,16413101.0
3212,2,3,29,20.2,0,14961454.0
1963,1,1,23,9.4,0,8712256.0
2739,1,3,22,12.2,0,13015167.0
1990,1,2,8,16.0,0,9855909.0
2078,3,2,22,10.1,1,10328540.0
3156,5,1,2,21.1,0,16421408.0
1375,2,2,18,15.1,1,6647755.0
634,2,2,7,8.1,0,3009719.0
2853,3,2,4,18.1,2,15104315.0
2555,2,2,3,13.7,1,12963043.0
2185,1,1,23,13.8,2,10036634.0
1621,5,1,5,12.5,1,8892050.0
3213,4,3,1,12.9,2,17273798.0
1729,2,2,19,19.4,0,8147124.0
2100,1,3,27,3.5,0,9764845.0
1302,4,1,10,9.0,0,6971976.0
3049,5,1,3,2.8,1,16583962.0
3377,4,1,14,19.1,2,17163556.0
2179,1,1,5,7.5,0,10861523.0
761,4,1,21,22.5,2,3367551.0
801,3,1,16,13.6,2,4176440.0
2581,4,1,29,20.2,0,11954937.0
1595,2,2,23,24.5,0,6716513.0
2917,2,3,5,21.2,2,14974783.0
1415,3,1,18,21.8,0,6676114.0
1055,1,2,29,10.8,0,4238533.0
1875,2,2,24,14.2,0,8556702.0
1616,5,3,1,7.1,1,9704611.0
2943,2,1,14,5.7,2,14775755.0
3367,2,3,10,13.1,2,17593512.0
937,1,1,7,15.3,1,4513290.0
1478,4,2,25,9.1,2,7591506.0
1676,2,2,18,14.7,0,8053543.0
1391,3,2,12,22.3,2,7131818.0
2864,4,2,11,14.4,0,14659144.0
1363,5,3,4,18.3,1,7976548.0
2835,1,1,5,20.3,0,13735260.0
979,5,1,25,24.7,2,4628417.0
1092,4,3,21,15.5,2,5894144.0
1780,4,1,3,20.4,2,9625792.0
2662,4,2,18,24.1,1,13306896.0
664,5,1,19,23.7,1,3226893.0
3168,4,2,0,4.4,2,17379795.0
1967,5,3,19,10.8,0,10051270.0
1752,4,1,16,8.8,1,9163449.0
2627,3,3,11,3.1,2,14133973.0
3295,4,1,14,16.2,2,16918702.0
2095,5,2,0,18.7,1,11239562.0
1762,2,3,25,21.4,1,8421256.0
2122,4,1,13,3.9,1,11152062.0
3240,2,2,5,22.0,0,16316227.0
991,3,3,4,16.4,0,5397014.0
2298,1,3,29,17.9,2,10684916.0
1018,3,1,10,22.9,1,4824988.0
2936,4,1,3,16.0,0,15136435.0
978,2,1,12,9.1,1,5134105.0
2396,2,2,10,20.8,2,11987398.0
2878,5,1,2,9.7,0,15461615.0
2688,2,3,0,1.8,0,14556510.0
2782,5,3,5,20.9,0,14897352.0
800,1,1,17,9.3,2,3623563.0
2463,4,1,23,19.6,1,11961744.0
1379,5,3,9,9.7,0,8304512.0
1102,1,2,4,21.7,2,5560357.0
3054,2,1,22,6.3,1,14841165.0
2351,2,1,9,24.4,2,11710598.0
1404,1,3,11,19.7,1,6984829.0
2746,2,1,1,3.7,2,14727055.0
3331,1,2,12,14.6,1,16472810.0
2495,5,3,7,24.6,0,13005549.0
3373,5,1,1,12.3,1,18271015.0
2170,1,3,19,5.4,2,10656048.0
1560,5,1,0,12.6,2,9197395.0
3260,5,1,4,13.3,1,17167859.0
2085,5,1,8,18.8,0,10881379.0
3290,3,2,16,17.8,0,16275314.0
1628,4,2,8,10.7,1,8977204.0
1102,2,3,10,6.2,1,6077288.0
3414,3,1,14,16.5,2,17347057.0
997,5,1,23,11.1,0,5000030.0
1470,1,2,5,4.2,1,7697377.0
3442,5,1,22,22.6,0,17006613.0
992,4,2,2,17.6,1,6020421.0
806,5,1,29,17.4,1,3453859.0
1638,1,3,16,20.7,0,7648610.0
2481,4,1,4,13.7,1,13229176.0
2084,5,1,29,20.6,1,9887365.0
1463,4,2,27,13.0,2,7441356.0
3390,2,1,11,2.6,1,17129492.0
1163,2,1,17,10.7,1,5492836.0
1620,5,2,13,12.9,1,8797039.0
695,4,3,20,18.3,2,3768337.0
2523,1,3,23,3.6,0,11982559.0
2357,5,2,10,4.4,2,12846992.0
3132,2,2,8,7.3,2,16440176.0
2878,2,2,1,7.4,0,14850956.0
3396,5,2,11,18.6,2,17633291.0
2278,4,2,2,7.0,0,12116991.0
1140,2,3,2,16.2,2,6358156.0
1659,4,3,0,12.9,0,9249537.0
3172,2,2,7,14.8,1,16322302.0
1783,2,1,21,21.1,2,8363473.0
2322,3,2,27,10.7,2,11245777.0
2419,2,1,28,19.5,2,11427865.0
3225,1,2,7,11.1,2,16499265.0
3329,5,2,10,9.5,1,17571275.0
3204,5,3,8,24.0,2,16615089.0
2197,4,1,4,5.4,1,12296641.0
3293,2,1,13,3.2,1,16340564.0
1395,1,3,27,19.5,1,5733190.0
1651,4,3,29,2.6,1,8570386.0
2243,3,3,2,21.1,0,12137963.0
1963,4,3,20,11.5,0,10217641.0
2581,4,1,4,23.0,2,13579586.0
1954,2,1,4,18.3,0,9790213.0
2263,3,2,18,15.6,0,11185012.0
2129,4,2,26,23.8,2,10404839.0
2638,1,3,13,10.5,2,13357179.0
2096,1,3,25,23.9,2,9618630.0
2837,5,3,29,4.2,0,14389611.0
2008,3,2,3,12.6,0,10508905.0
2000,3,2,24,7.5,2,9942899.0
1906,5,2,12,14.0,1,10016056.0
3280,4,2,9,4.9,2,17448249.0
3275,3,2,24,21.2,1,15650711.0
1572,1,2,17,21.3,1,6965462.0
2368,1,2,7,23.9,2,11709984.0
1882,2,3,7,4.7,2,10467800.0
1309,3,3,6,16.0,2,7492747.0
2079,4,3,7,12.4,0,10977425.0
2034,5,3,13,9.3,1,11032556.0
1248,5,2,18,9.4,0,6809116.0
917,4,1,28,10.9,0,3890627.0
1857,2,2,5,17.9,2,9624305.0
1283,5,1,0,15.4,0,7465508.0
1263,3,3,22,12.0,2,6299748.0
2598,2,2,14,2.8,1,13231806.0
2231,3,3,0,2.9,2,12457896.0
2095,1,2,24,1.1,0,9761795.0
1736,2,3,16,24.2,0,8241967.0
2453,5,1,0,1.1,2,13723051.0
2120,2,1,14,3.5,2,10841071.0
3089,2,1,22,8.6,0,14764054.0
1163,2,2,1,20.4,1,6245873.0
1891,2,1,13,24.1,1,8945587.0
2236,3,2,20,20.0,2,11194621.0
1298,1,1,7,17.6,1,6210784.0
2760,4,1,7,13.5,0,14160589.0
601,2,2,18,3.1,2,3190345.0
1241,5,2,6,24.0,0,6876495.0
2867,2,1,18,19.2,0,13546329.0
2189,5,2,5,16.3,1,11972089.0
1454,3,1,5,19.2,2,7568701.0
2359,5,2,2,18.4,2,12953565.0
3032,4,3,6,16.3,1,15850609.0
2261,1,3,18,24.5,0,10722437.0
1753,5,3,7,22.7,0,9337421.0
1676,5,3,9,16.5,0,9121064.0
2307,1,3,19,17.6,0,10739239.0
3377,4,1,14,2.2,2,17733239.0
2295,2,3,14,17.1,2,11557758.0
2333,5,3,28,2.1,1,12329161.0
2039,1,3,0,15.1,1,10580976.0
2894,3,3,19,25.0,2,14401849.0
1435,1,2,29,14.3,2,6080698.0
802,3,1,6,12.4,0,4589772.0
722,4,3,26,8.5,0,3416860.0
1000,2,3,3,3.9,1,5969473.0
1366,1,3,28,18.5,2,6060067.0
893,5,1,5,5.6,1,5689070.0
2927,4,2,24,3.8,2,14953207.0
797,1,1,0,11.1,0,4062527.0
2530,5,2,28,20.1,1,12413572.0
3399,1,3,4,18.9,1,17145950.0
2791,3,3,26,2.3,2,14320582.0
1208,1,1,22,11.9,0,5344578.0
1747,1,1,0,13.5,1,8826376.0
786,1,2,29,16.5,0,2389530.0
3111,4,2,3,16.6,1,16403758.0
2394,1,1,21,9.8,0,11442956.0
1259,5,2,1,14.5,2,7599449.0
3411,3,1,9,12.5,1,17555868.0
2555,3,2,4,22.2,1,13420655.0
3050,1,1,26,13.7,0,13885962.0
1969,4,1,9,11.6,0,10312347.0
2586,4,1,0,10.7,1,14183259.0
2134,5,2,21,14.7,2,11032131.0
746,1,2,5,20.3,0,3450463.0
2334,3,2,12,13.9,0,11675748.0
2443,4,1,14,16.9,0,12035786.0
1088,1,2,3,18.7,1,5391608.0
2559,4,2,12,13.5,1,13116409.0
2263,4,1,23,11.2,1,11164113.0
3198,3,3,19,22.0,1,15704504.0
2985,2,1,23,11.0,2,14460068.0
1240,5,2,14,12.1,2,6813616.0
2402,5,1,28,24.8,1,11495632.0
3120,3,3,7,1.0,2,16935029.0
2569,4,1,4,5.5,0,13360940.0
2798,1,2,28,10.2,0,12950108.0
2038,4,3,14,23.4,0,10512150.0
2234,3,2,3,2.7,1,12017554.0
862,5,3,11,1.2,0,5764886.0
2387,4,3,12,2.3,2,13168853.0
2791,5,1,1,3.1,1,15286248.0
2993,1,1,26,1.9,2,14329635.0
1223,5,2,18,12.5,0,6533749.0
1616,5,1,18,14.9,0,8174401.0
1480,2,1,3,7.5,0,7785813.0
2649,2,3,3,10.6,1,13828899.0
1927,2,1,25,3.2,2,9294404.0
2901,5,3,10,9.1,1,15459943.0
1052,3,3,26,13.5,1,4978316.0
1783,5,3,4,18.6,0,9811414.0
2656,3,2,19,1.1,1,13446671.0
2282,3,2,10,12.2,1,11989414.0
3463,2,2,29,8.1,0,16645697.0
2855,4,3,9,21.5,1,14961371.0
1754,1,2,7,18.2,0,8320153.0
1003,2,2,5,15.1,0,5124539.0
2799,2,1,5,7.7,0,14375965.0
2701,4,2,7,22.8,0,13852258.0
2296,1,2,22,2.1,1,11424899.0
1227,5,3,14,3.6,0,7175998.0
1186,5,3,25,10.4,0,6186807.0
2248,2,3,13,4.0,1,11613633.0
2043,1,3,10,24.0,1,9955031.0
2045,2,3,11,20.2,2,10386130.0
703,3,3,25,7.2,1,3595216.0
853,2,2,12,15.1,1,4365505.0
3157,2,3,7,24.6,2,15919102.0
2096,5,3,29,22.2,1,10104315.0
698,5,1,17,15.4,1,3482569.0
2800,5,2,24,22.7,1,13955199.0
2484,3,2,0,24.7,1,12773495.0
2519,5,2,14,18.8,2,12918066.0
1477,1,3,7,2.6,1,7955287.0
937,4,3,27,10.6,1,5080950.0
3469,1,3,10,21.1,2,17301089.0
1556,1,1,11,6.5,0,7590774.0
2304,5,3,11,20.9,2,12445274.0
760,4,1,3,3.9,0,4698167.0
2203,4,2,15,2.1,2,11999861.0
3448,4,3,3,10.2,2,18580459.0
997,3,1,4,1.9,1,5848109.0
1900,5,1,23,24.0,0,9108255.0
1415,4,3,4,20.8,1,7840786.0
2127,3,2,7,20.2,0,10937806.0
